"","id","DMSM1","address","time"
"1",1,"伤人事故","泗陈公路出佘北公路东约2米","2014-8-29 18:30:00"
"2",2,"死亡事故","嘉松中路出华隆路南约3000米","2014-8-12 22:55:00"
"3",3,"死亡事故","大川公路进周祝公路北约500米","2015-4-15 8:10:00"
"4",4,"死亡事故","苏召路立跃路北约200米","2014-11-26 11:50:00"
"5",5,"死亡事故","港城路出杨高北路西约300米","2014-9-11 15:05:00"
"6",6,"死亡事故","康新公路进新卫路南约40米","2014-7-2 7:18:00"
"7",7,"死亡事故","新绿街进新绿街新颖路西约150米","2014-7-5 8:06:00"
"8",8,"伤人事故","江场西路原平路东约5米","2014-7-23 12:40:00"
"9",9,"财产损失事故","辰花公路出光星路西约100米","2014-7-19 10:35:00"
"10",10,"死亡事故","天目中路大统路东约1米","2014-7-7 20:17:00"
"11",11,"死亡事故","协定公路协津公路西约500米","2014-9-25 16:15:00"
"12",12,"死亡事故","剑川路进莲花南路东约300米","2014-7-7 23:39:00"
"13",13,"死亡事故","御青路京浦路西约20米","2014-7-21 17:22:00"
"14",14,"死亡事故","塔闵公路出松卫北路西约1000米","2014-7-7 17:25:00"
"15",15,"死亡事故","沪闵路贵都路南约5米","2014-7-17 18:05:00"
"16",16,"伤人事故","春西路申旺路南约30米","2014-7-16 22:23:00"
"17",17,"死亡事故","昆港公路出新港路南约80米","2014-8-23 22:58:00"
"18",18,"死亡事故","汇成路园西路东约1米","2014-8-3 11:55:00"
"19",19,"死亡事故","滨湖路出新松江路南约100米","2014-7-11 15:33:00"
"20",20,"死亡事故","外钱公路进墨玉北路东约300米","2014-10-30 22:50:00"
"21",21,"死亡事故","东川公路上川路北约600米","2014-9-18 19:25:00"
"22",22,"伤人事故","春都路都庄路东约100米","2014-9-3 12:16:00"
"23",23,"死亡事故","嘉松南路沈砖公路东北约20米","2014-7-9 19:34:00"
"24",24,"伤人事故","三鲁公路立跃路北约400米","2014-8-24 20:07:00"
"25",25,"伤人事故","联跃路浦星公路东约0米","2014-7-20 22:04:00"
"26",26,"死亡事故","沪闵路莘建路南约300米","2014-7-6 20:51:00"
"27",27,"伤人事故","立跃路立民路北约0米","2014-7-29 11:37:00"
"28",28,"死亡事故","共和新路出彭江路北约100米","2014-7-21 10:34:00"
"29",29,"伤人事故","方泗公路进九干路南约200米","2014-7-18 17:45:00"
"30",30,"死亡事故","政立路淞沪路东北约1米","2014-10-23 9:23:00"
"31",31,"死亡事故","张杨北路航津路东约10米","2014-8-5 17:09:00"
"32",32,"死亡事故","张东路祖冲之路东约1米","2014-9-11 19:57:00"
"33",33,"伤人事故","漕宝路进龙茗路东约100米","2014-7-6 21:58:00"
"34",34,"死亡事故","东高路张杨北路西约5米","2014-10-4 7:15:00"
"35",35,"伤人事故","沪渝高速北侧中春路下匝道后约1000米","2014-7-20 22:25:00"
"36",36,"死亡事故","五洲大道北侧申江路上匝道","五洲大道北侧申江路上匝道"
"37",37,"死亡事故","金展路林贤路南约200米","2014-8-6 8:56:00"
"38",38,"伤人事故","沪昆高速北侧36km约900米","2014-7-3 3:30:00"
"39",39,"死亡事故","崧泽大道出赵重公路东约1500米","2014-8-2 21:38:00"
"40",40,"死亡事故","北翟路出剑河路西约100米","2014-7-14 15:28:00"
"41",41,"死亡事故","玉树路进兴仓路北约80米","2014-7-12 19:40:00"
"42",42,"伤人事故","外环高速东侧85km约200米","2014-7-23 4:05:00"
"43",43,"死亡事故","恒高路进江杨南路东约30米","2014-8-29 18:32:00"
"44",44,"死亡事故","嘉松中路纪鹤公路西北约10米","2014-7-23 8:01:00"
"45",45,"死亡事故","老沪闵路进华泾路西约200米","2014-7-4 10:50:00"
"46",46,"死亡事故","新胜路进白石公路南约500米","2014-7-26 0:57:00"
"47",47,"死亡事故","龙吴路银都路西北约20米","2014-7-16 10:07:00"
"48",48,"死亡事故","申港路出华磊路南约500米","2014-8-3 20:15:00"
"49",49,"伤人事故","吴中路出环镇西路东约100米","2014-9-27 7:10:00"
"50",50,"死亡事故","泰和西路富长路东约500米","2014-7-31 17:35:00"
"51",51,"死亡事故","永盛路希望路东约1米","2014-8-6 15:35:00"
"52",52,"死亡事故","申江南路周祝公路(南)南约30米","2014-7-2 1:00:00"
"53",53,"死亡事故","高科中路伽利略路东约1米","2014-9-21 22:32:00"
"54",54,"死亡事故","宝钱公路沪宜公路北约1米","2014-8-30 6:40:00"
"55",55,"死亡事故","南团公路进宣黄公路南约300米","2014-9-27 18:10:00"
"56",56,"死亡事故","联友路周泾路东北约5米","2014-7-22 17:09:00"
"57",57,"伤人事故","周家嘴路公平路南约00米","2014-7-21 15:15:00"
"58",58,"死亡事故","其他路大华路301弄83号","2014-7-8 9:29:00"
"59",59,"死亡事故","同利路进盛龙路西约500米","2014-8-12 9:55:00"
"60",60,"死亡事故","卫六路进板桥西路南约100米","2014-10-14 17:54:00"
"61",61,"死亡事故","栏学路科农路东约1米","2014-9-23 10:10:00"
"62",62,"死亡事故","宝安公路进联杨路西约200米","2014-7-30 9:16:00"
"63",63,"死亡事故","金昌西路老翔黄路西约300米","2014-8-21 12:45:00"
"64",64,"伤人事故","九泾路进沧泾路北约200米","2014-8-10 21:00:00"
"65",65,"死亡事故","亭枫公路金石公路东约50米","2014-9-17 12:14:00"
"66",66,"伤人事故","银都路景洪路西约200米","2014-9-29 21:50:00"
"67",67,"死亡事故","川周公路秀浦路西约10米","2014-7-21 3:46:00"
"68",68,"死亡事故","曹安公路出淞阳南路西约300米","2014-8-19 19:35:00"
"69",69,"死亡事故","沪南公路康新公路东约5米","2014-7-4 12:25:00"
"70",70,"死亡事故","沪昆高速北侧47km约200米","2014-7-7 14:33:00"
"71",71,"死亡事故","新建一路澄浏公路南约30米","2014-7-9 8:43:00"
"72",72,"死亡事故","上丰路进金丰路南约1米","2014-7-10 17:59:00"
"73",73,"死亡事故","杜村公路出友爱路北约1000米","2014-7-12 11:07:00"
"74",74,"死亡事故","嘉罗公路迎园中路北约10米","2014-8-25 13:35:00"
"75",75,"死亡事故","营口路出佳木斯路北约150米","2014-11-17 6:30:00"
"76",76,"伤人事故","七莘路润虹路东北约0米","2014-7-22 9:10:00"
"77",77,"死亡事故","其他路航头镇海桥村","2014-7-13 16:50:00"
"78",78,"死亡事故","文翔路辰塔路西约5米","2014-7-27 11:32:00"
"79",79,"伤人事故","场东路出莘松路南约100米","2014-9-18 19:22:00"
"80",80,"死亡事故","沪青平公路进高泾路东约5米","2014-7-17 10:08:00"
"81",81,"死亡事故","巨峰路进申江路东约400米","2014-8-14 17:15:00"
"82",82,"死亡事故","中山中路出人民南路(东)东约3米","2014-7-7 3:55:00"
"83",83,"死亡事故","其他路庙镇合中村路","2014-7-14 15:10:00"
"84",84,"死亡事故","荣乐东路松东路东约10米","2014-7-4 20:05:00"
"85",85,"伤人事故","沪闵路新苗路北约5米","2014-7-30 6:17:00"
"86",86,"死亡事故","宝祁路南侧0km约319米","2014-8-13 14:42:00"
"87",87,"死亡事故","<U+FFFD>川路联谊路路口","<U+FFFD>川路联谊路路口"
"88",88,"死亡事故","靖海路进人民东路南约50米","2014-7-6 3:08:00"
"89",89,"死亡事故","漕廊公路进沪杭公路西约50米","2014-9-17 2:27:00"
"90",90,"死亡事故","亭枫公路新顺路西约150米","2014-9-16 7:15:00"
"91",91,"死亡事故","下盐路军港公路东约1米","2014-8-28 8:25:00"
"92",92,"死亡事故","浦星公路出沈杜公路南约100米","2014-7-9 3:44:00"
"93",93,"伤人事故","莘砖公路同乐路北约3米","2014-8-20 4:18:00"
"94",94,"死亡事故","川南奉公路进东大公路北约1000米","2014-7-6 12:20:00"
"95",95,"死亡事故","古浪路进真南路东约100米","2014-7-26 2:40:00"
"96",96,"死亡事故","沪昆高速出沪方向新桥入口匝道","2014-7-7 16:55:00"
"97",97,"死亡事故","普庆路进德兴街东约1米","2014-7-1 19:12:00"
"98",98,"死亡事故","交通路进泾惠路西约150米","2014-10-12 0:26:00"
"99",99,"死亡事故","周家嘴路出许昌路西约20米","2014-9-14 11:25:00"
"100",100,"死亡事故","天辰路向阳河路西约5米","2014-9-5 19:13:00"
"101",101,"死亡事故","金石公路出亭枫公路南约300米","2014-10-2 10:03:00"
"102",102,"伤人事故","浦放路进鲁陈路西约1500米","2014-7-28 13:11:00"
"103",103,"死亡事故","川沙路储七路东约1米","2014-12-12 18:09:00"
"104",104,"死亡事故","杨高北一路出港华路南约100米","2014-10-1 10:35:00"
"105",105,"死亡事故","中春路顾戴路北约5米","2014-8-11 9:42:00"
"106",106,"伤人事故","<U+FFFD>藻南路江杨南路路口","<U+FFFD>藻南路江杨南路路口"
"107",107,"伤人事故","泗凤公路新家园路东约1米","2014-9-22 22:52:00"
"108",108,"死亡事故","巨峰路进申江路东约10米","2014-7-11 17:21:00"
"109",109,"死亡事故","上丰路进达丰路北约100米","2014-8-22 11:48:00"
"110",110,"死亡事故","沪宜公路嘉安公路(西)南约1米","2014-9-17 9:19:00"
"111",111,"死亡事故","宝安公路东侧0km约2165米","2014-10-16 9:18:00"
"112",112,"死亡事故","海霞路进川南奉公路东约80米","2014-7-23 18:10:00"
"113",113,"死亡事故","芦五公路妙香路东约5米","2014-8-1 9:33:00"
"114",114,"死亡事故","周祝公路进南六公路西约50米","2014-9-10 15:07:00"
"115",115,"死亡事故","上海绕城高速南侧上海绕城高速龙东大道南向东下匝道前约50米","2014-7-25 21:50:00"
"116",116,"死亡事故","江月路浦星公路北约0米","2014-8-3 14:50:00"
"117",117,"死亡事故","光星路茸平路南约5米","2014-8-4 18:20:00"
"118",118,"死亡事故","叶新公路进许村公路西约500米","2014-7-12 8:14:00"
"119",119,"死亡事故","亭枫公路兴豪路东约500米","2014-8-26 10:18:00"
"120",120,"死亡事故","金都路春西路西约10米","2014-10-29 17:20:00"
"121",121,"死亡事故","富特中路新灵路北约00米","2014-12-3 16:07:00"
"122",122,"伤人事故","内环高架外侧NW0937约5米","2014-10-3 5:16:00"
"123",123,"死亡事故","港沿公路草港公路东约200米","2014-8-15 19:30:00"
"124",124,"死亡事故","京沪高速东侧1207.4km约1米","2014-9-22 3:00:00"
"125",125,"伤人事故","沪青平公路七莘路南约5米","2014-8-14 7:26:00"
"126",126,"死亡事故","虹梅南路出元江路北约150米","2014-10-4 12:40:00"
"127",127,"死亡事故","沈海高速东侧1282km约300米","2014-10-27 22:05:00"
"128",128,"死亡事故","宝杨路淞宝路路口","宝杨路淞宝路路口"
"129",129,"死亡事故","陈海公路出前竖公路北约10米","2014-8-18 7:40:00"
"130",130,"伤人事故","沪青平公路申昆路西北约10米","2014-11-13 17:44:00"
"131",131,"死亡事故","京沪高速东侧1218km约200米","2014-7-22 2:10:00"
"132",132,"死亡事故","拱极东路盐大路东约1米","2014-7-28 10:25:00"
"133",133,"死亡事故","崧泽大道外青松公路东约5米","2014-10-6 9:55:00"
"134",134,"伤人事故","中环高架内侧ZN0906约0米","2014-9-11 12:01:00"
"135",135,"伤人事故","嘉松南路泗陈公路北约10米","2014-8-19 20:54:00"
"136",136,"死亡事故","松东路进环城路北约150米","2014-9-14 3:18:00"
"137",137,"伤人事故","陈行公路浦星公路北约0米","2014-9-22 21:00:00"
"138",138,"死亡事故","金廊公路朱吕公路南约3000米","2014-8-31 15:50:00"
"139",139,"死亡事故","沈杜公路浦星公路东约0米","2014-10-18 21:20:00"
"140",140,"死亡事故","香闵路进香车路南约20米","2014-7-19 20:10:00"
"141",141,"死亡事故","漕廊公路东贤路东约10米","2014-10-7 18:42:00"
"142",142,"死亡事故","久业路出北青公路北约100米","2014-7-19 23:15:00"
"143",143,"死亡事故","妙境路进青厦路南约30米","2014-7-16 11:39:00"
"144",144,"死亡事故","上川路华东路东北约15米","2014-8-25 11:12:00"
"145",145,"死亡事故","沪闵路北松公路南约50米","2014-8-8 11:20:00"
"146",146,"死亡事故","川周公路平川路南约20米","2014-10-22 8:20:00"
"147",147,"死亡事故","打浦路进斜土路北约100米","2014-7-25 8:10:00"
"148",148,"死亡事故","双丁路德富路西约2米","2014-9-5 15:09:00"
"149",149,"死亡事故","嘉行公路新建一路北约1米","2014-8-29 23:18:00"
"150",150,"死亡事故","奉炮公路东侧2km约200米","2014-8-21 22:14:00"
"151",151,"伤人事故","宛平南路出斜土路南约200米","2014-8-12 0:12:00"
"152",152,"死亡事故","新四平公路进川南奉公路北约500米","2014-7-13 6:50:00"
"153",153,"死亡事故","金沙江西路金园一路西约1米","2014-11-12 15:50:00"
"154",154,"死亡事故","草港公路出陈<U+009C><U+FFFD><U+FFFD>肺髟<U+FFFD>0米","2014-10-23 14:56:00"
"155",155,"死亡事故","川沙路出上川路南约20米","2014-7-21 7:35:00"
"156",156,"死亡事故","申江路出锦绣东路北约200米","2014-8-26 23:42:00"
"157",157,"死亡事故","沈海高速北侧1268km约500米","2014-8-4 22:30:00"
"158",158,"死亡事故","瑞丰路进丰翔路北约400米","2014-9-30 5:10:00"
"159",159,"伤人事故","广粤路进广灵四路北约200米","2014-11-18 16:34:00"
"160",160,"死亡事故","申江南路进古丹路北约500米","2014-7-18 14:09:00"
"161",161,"死亡事故","龙吴路出北吴路北约100米","2014-8-21 19:26:00"
"162",162,"死亡事故","新四平公路进川南奉公路南约2米","2014-8-1 4:35:00"
"163",163,"死亡事故","新府中路进华志路南约1000米","2014-9-30 22:18:00"
"164",164,"死亡事故","东三里桥路南码头路东约1米","2014-9-7 11:13:00"
"165",165,"死亡事故","嘉罗公路施曹公路东约500米","2014-9-21 9:07:00"
"166",166,"死亡事故","立跃路立民路西约0米","2014-10-19 13:12:00"
"167",167,"死亡事故","嘉安公路嘉松北路西约300米","2014-9-5 20:05:00"
"168",168,"死亡事故","水产路铁山路路口","水产路铁山路路口"
"169",169,"伤人事故","昆阳路出江川路北约300米","2014-8-28 19:38:00"
"170",170,"死亡事故","大渡河路怒江北路北约0米","2014-10-2 23:33:00"
"171",171,"死亡事故","上塑路进沿钱路东约800米","2014-8-15 9:40:00"
"172",172,"死亡事故","西环路进闵松路南约300米","2014-9-30 3:59:00"
"173",173,"死亡事故","同顺大道茂祥路东约5米","2014-11-8 18:30:00"
"174",174,"死亡事故","袜子弄出中山东路北约150米","2014-7-10 10:48:00"
"175",175,"死亡事故","外环高速外侧约80km","外环高速外侧约80km"
"176",176,"伤人事故","周家嘴路新建路西约00米","2014-7-16 0:10:00"
"177",177,"死亡事故","衡山路余庆路东约5米","2014-8-10 6:48:00"
"178",178,"死亡事故","真南路出红柳路东约50米","2014-8-6 17:52:00"
"179",179,"死亡事故","草港公路建设公路西约500米","2014-9-24 9:27:00"
"180",180,"死亡事故","中山南路会馆弄西约0米","2014-8-25 5:20:00"
"181",181,"死亡事故","山房公路东侧2km约100米","2014-9-13 16:50:00"
"182",182,"死亡事故","四平公路东侧2km约400米","2014-7-31 20:23:00"
"183",183,"伤人事故","纪翟路出北青公路北约200米","2014-9-14 13:28:00"
"184",184,"死亡事故","柳州路出宜山路北约150米","2014-8-6 7:35:00"
"185",185,"死亡事故","顾唐路上丰路东约1米","2014-10-15 20:20:00"
"186",186,"伤人事故","莲花南路向阳路北约20米","2014-9-10 18:44:00"
"187",187,"死亡事故","大叶公路东侧41km约100米","2014-7-2 19:00:00"
"188",188,"死亡事故","昆港公路进佘天昆公路南约200米","2014-8-11 4:55:00"
"189",189,"死亡事故","剑川路虹梅南路东约1米","2014-9-23 15:00:00"
"190",190,"死亡事故","高科东路顾唐路东约1米","2014-7-31 17:38:00"
"191",191,"死亡事故","漕盈公路清河湾路(南)南约5米","2014-9-5 17:45:00"
"192",192,"死亡事故","莲花南路出东川路南约500米","2014-9-19 17:48:00"
"193",193,"死亡事故","申江南路川周公路南约5米","2014-7-18 8:23:00"
"194",194,"死亡事故","沪太公路月罗公路路口","沪太公路月罗公路路口"
"195",195,"死亡事故","大叶公路进车亭公路东约2700米","2014-9-19 2:50:00"
"196",196,"死亡事故","外环高速西侧外环高速内侧长清路下匝道前约20米","2014-9-12 19:49:00"
"197",197,"死亡事故","佘北公路桃源路北约80米","2014-8-13 3:00:00"
"198",198,"伤人事故","西藏北路进南山路南约10米","2014-8-17 19:58:00"
"199",199,"死亡事故","殷高西路高境路西约1米","2014-8-9 5:05:00"
"200",200,"死亡事故","新四平公路海杰路东约200米","2014-10-10 21:00:00"
"201",201,"死亡事故","杨高北路进胶东路北约80米","2014-11-14 20:02:00"
"202",202,"死亡事故","沈海高速东侧沈海高速前约500米","2014-8-5 6:42:00"
"203",203,"死亡事故","肇嘉浜路大木桥路西约20米","2014-8-14 23:39:00"
"204",204,"死亡事故","青赵公路出曙光路北约200米","2014-8-5 7:43:00"
"205",205,"死亡事故","张杨北路航津路东约1米","2014-8-14 22:03:00"
"206",206,"死亡事故","伊宁路永盛路西约100米","2014-9-10 6:42:00"
"207",207,"死亡事故","金张公路进建乐路南约10米","2014-8-28 15:30:00"
"208",208,"死亡事故","老芦公路两港大道西北约5米","2014-8-8 9:52:00"
"209",209,"死亡事故","三沙洪路出人民路北约30米","2014-10-24 7:27:00"
"210",210,"死亡事故","嘉安公路回城西路南约10米","2014-8-24 17:51:00"
"211",211,"死亡事故","沈海高速西侧1295km约900米","2014-7-25 1:50:00"
"212",212,"死亡事故","团青公路奉村路东约2米","2014-7-25 4:05:00"
"213",213,"死亡事故","宝安公路嘉松北路西约5米","2014-10-14 10:01:00"
"214",214,"伤人事故","恒丰路天目西路北约1米","2014-7-28 10:15:00"
"215",215,"死亡事故","华夏高架路东侧BWP0280约1米","2014-7-27 8:05:00"
"216",216,"死亡事故","沪南公路上南路东约20米","2014-8-11 23:20:00"
"217",217,"伤人事故","七莘路华茂路北约100米","2014-10-23 22:37:00"
"218",218,"伤人事故","剑川路老中春路北约2米","2014-10-22 15:12:00"
"219",219,"死亡事故","文翔路进辰塔路西约300米","2014-9-23 6:50:00"
"220",220,"死亡事故","浦东北路大同路西北约10米","2014-8-11 9:35:00"
"221",221,"死亡事故","剑川路出金平路西约10米","2014-7-29 21:05:00"
"222",222,"死亡事故","老芦公路进三三公路南约100米","2014-7-28 4:25:00"
"223",223,"死亡事故","沪闵路虹梅路东北约10米","2014-9-4 6:26:00"
"224",224,"死亡事故","华东路进华夏东路北约600米","2014-10-29 11:50:00"
"225",225,"死亡事故","华夏中路金科路东约1米","2014-7-11 20:43:00"
"226",226,"死亡事故","莲花南路银都路北约300米","2014-10-14 10:35:00"
"227",227,"死亡事故","中春路进黎安路南约1000米","2014-7-27 0:32:00"
"228",228,"死亡事故","富锦路出同济路西约500米","2014-9-20 16:10:00"
"229",229,"死亡事故","沪城环路出大学城共享区道路北约200米","2014-9-14 17:25:00"
"230",230,"死亡事故","世纪大道进东方路西约100米","2014-9-7 20:55:00"
"231",231,"死亡事故","叶新公路进文工路东约50米","2014-10-2 8:35:00"
"232",232,"伤人事故","沪闵路元江路北约120米","2014-9-16 12:44:00"
"233",233,"死亡事故","张庄公路塔闵公路北约3000米","2014-9-2 15:05:00"
"234",234,"死亡事故","罗秀路进虹梅南路(西)东约60米","2014-9-27 0:02:00"
"235",235,"死亡事故","宝钱公路嘉唐公路东约2000米","2014-10-29 8:26:00"
"236",236,"死亡事故","华徐公路进盈港东路南约200米","2014-12-8 14:34:00"
"237",237,"死亡事故","申江路进高科中路北约50米","2014-12-2 15:40:00"
"238",238,"伤人事故","光复西路进大渡河路(西)东约60米","2014-8-22 12:00:00"
"239",239,"伤人事故","陈行公路苏召路西约0米","2014-8-16 16:59:00"
"240",240,"伤人事故","东海大桥进沪K11约0米","2014-7-21 23:10:00"
"241",241,"死亡事故","包头路进嫩江路北约230米","2014-11-30 19:48:00"
"242",242,"伤人事故","老沪太路进沪太路东约100米","2014-8-2 5:04:00"
"243",243,"死亡事故","沪渝高速北侧50km约600米","2014-7-22 1:50:00"
"244",244,"伤人事故","莘松路场东路西约5米","2014-8-13 10:46:00"
"245",245,"死亡事故","北进场路浦东机场北立交东约0米","2014-7-21 1:10:00"
"246",246,"死亡事故","国展路进云台路东约70米","2014-9-19 9:57:00"
"247",247,"死亡事故","沈海高速东侧1307km约400米","2015-1-9 19:20:00"
"248",248,"死亡事故","申嘉湖高速北侧34km约500米","2014-8-29 22:00:00"
"249",249,"伤人事故","余姚路延平路南约3米","2014-7-5 15:10:00"
"250",250,"伤人事故","宜山路进古美路东约60米","2014-9-4 20:04:00"
"251",251,"死亡事故","人民北路出辰花路南约150米","2014-9-14 15:40:00"
"252",252,"死亡事故","友谊路进江杨北路西约1958米","2014-8-22 17:15:00"
"253",253,"死亡事故","沪渝高速北侧50km约700米","2014-7-22 4:40:00"
"254",254,"伤人事故","北松公路进中青路东约200米","2014-9-12 10:28:00"
"255",255,"死亡事故","共康东路岭南路路口","2014-8-1 1:30:00"
"256",256,"死亡事故","金葵路出金粤路东约150米","2014-11-22 20:44:00"
"257",257,"死亡事故","双城路进宝东路西约200米","2014-8-14 22:10:00"
"258",258,"死亡事故","前云路出沪青平公路南约1600米","2014-9-25 4:57:00"
"259",259,"死亡事故","上海绕城高速外侧48.5km约20米","2014-11-20 0:50:00"
"260",260,"死亡事故","高科东路出华东路东约800米","2014-9-23 21:09:00"
"261",261,"死亡事故","向堡公路进合五公路东约400米","2014-7-23 9:20:00"
"262",262,"死亡事故","浏翔公路宝钱公路东约1米","2014-7-9 8:15:00"
"263",263,"死亡事故","沈砖公路出城隆路东约300米","2014-7-31 19:20:00"
"264",264,"死亡事故","中山西路虹桥路东北约15米","2014-8-22 11:01:00"
"265",265,"死亡事故","纪鹤公路进宝丰路东约10米","2014-9-16 15:35:00"
"266",266,"死亡事故","长江路进军工路西约50米","2014-9-16 9:18:00"
"267",267,"伤人事故","元江路龙吴路西北约0米","2014-11-26 13:58:00"
"268",268,"死亡事故","古北路延安西路西南约20米","2014-10-30 11:02:00"
"269",269,"伤人事故","林海公路东佳路南约3000米","2014-7-27 10:42:00"
"270",270,"死亡事故","虎林路进呼兰路南约200米","2014-11-22 8:15:00"
"271",271,"伤人事故","共和新路柳营路北约5米","2014-10-16 7:40:00"
"272",272,"死亡事故","凯旋北路进盘湾里西约50米","2014-9-19 9:45:00"
"273",273,"死亡事故","沪南公路进航南公路北约400米","2014-9-12 18:23:00"
"274",274,"死亡事故","金陵西路淡水路东约8米","2014-11-21 11:00:00"
"275",275,"伤人事故","三鲁公路进东方一路北约300米","2014-9-15 8:20:00"
"276",276,"伤人事故","航南路进航东路西约20米","2014-9-23 18:30:00"
"277",277,"死亡事故","古美路平南路北约0米","2014-10-8 8:25:00"
"278",278,"死亡事故","共和新路进汾西路南约10米","2014-9-4 7:45:00"
"279",279,"伤人事故","沪青平公路华翔路西北约15米","2014-11-17 19:02:00"
"280",280,"死亡事故","七莘路进中谊路南约200米","2014-7-21 19:56:00"
"281",281,"伤人事故","北松公路出中春路东约400米","2014-10-12 18:20:00"
"282",282,"死亡事故","浦东南路进洪山路东约1米","2014-8-21 10:02:00"
"283",283,"死亡事故","遵义路进天山路北约80米","2015-4-7 10:07:00"
"284",284,"死亡事故","保德路阳曲路东约1米","2014-10-11 8:00:00"
"285",285,"伤人事故","漕溪北路蒲汇塘路南约30米","2014-11-24 0:52:00"
"286",286,"死亡事故","叶兴公路出叶政路南约2KM","叶兴公路出叶政路南约2KM"
"287",287,"伤人事故","莘建东路出广贤路西约50米","2014-10-27 9:19:00"
"288",288,"死亡事故","徐家汇路顺昌路西约0米","2014-9-4 11:30:00"
"289",289,"伤人事故","古楼公路出刘五公路西约10米","2014-9-11 5:40:00"
"290",290,"死亡事故","两港大道(南北)出沪南公路南约500米","2014-11-3 23:35:00"
"291",291,"死亡事故","盈淀路进青赵公路西约80米","2014-7-27 13:30:00"
"292",292,"死亡事故","京沪高速公路（上海段）往南京方向1211KM+800M","京沪高速公路（上海段）往南京方向1211KM+800M"
"293",293,"死亡事故","中春路沪松公路西约5米","2014-8-18 6:03:00"
"294",294,"死亡事故","上海绕城高速内侧50.3km约30米","2014-8-5 21:20:00"
"295",295,"死亡事故","朱吕公路进朱平公路东约1米","2015-1-20 20:46:00"
"296",296,"死亡事故","桃浦路真光路西约2米","2014-9-18 9:42:00"
"297",297,"死亡事故","沪南公路建豪路东约20米","2014-9-21 11:05:00"
"298",298,"死亡事故","召泰路出鲁南路南约10米","2014-12-11 13:16:00"
"299",299,"伤人事故","沪太路联白路东约1米","2014-9-7 13:01:00"
"300",300,"死亡事故","虹漕路进漕宝路南约300米","2014-7-6 18:28:00"
"301",301,"死亡事故","桃浦路进双河路西约50米","2014-8-30 17:08:00"
"302",302,"死亡事故","泰青公路东侧3km约200米","2014-8-15 11:20:00"
"303",303,"死亡事故","沪青平公路出嘉松中路西约30米","2014-9-29 8:00:00"
"304",304,"伤人事故","沪松公路涞亭南路南约20米","2014-12-2 14:58:00"
"305",305,"死亡事故","军工路港水路北约1米","2014-12-15 13:10:00"
"306",306,"伤人事故","古楼公路出横港公路西约250米","2014-7-14 18:08:00"
"307",307,"死亡事故","莲花南路澄江路东约5米","2014-7-18 15:25:00"
"308",308,"死亡事故","申嘉湖高速南侧53公里km约200米","2014-9-19 10:00:00"
"309",309,"死亡事故","宝钱公路安新路南约1米","2015-1-2 13:46:00"
"310",310,"伤人事故","中春路光中路北约00米","2014-10-17 23:13:00"
"311",311,"死亡事故","陈章路出华重公路北约400米","2014-11-20 22:30:00"
"312",312,"死亡事故","长乐路襄阳北路西约7米","2014-9-4 13:44:00"
"313",313,"死亡事故","北松公路出李高路西约50米","2014-7-31 14:16:00"
"314",314,"伤人事故","沪太公路曹新公路东约1米","2014-7-28 20:12:00"
"315",315,"死亡事故","亭枫公路松金公路东约10米","2014-9-24 5:20:00"
"316",316,"伤人事故","中谊路出七莘路西约70米","2014-9-26 18:56:00"
"317",317,"死亡事故","共和新路洛川东路南约1米","2014-10-4 9:20:00"
"318",318,"死亡事故","肇嘉浜路进瑞金南路西约30米","2014-10-24 8:50:00"
"319",319,"死亡事故","城银路园康路东约1米","2014-10-14 10:39:00"
"320",320,"死亡事故","泗陈公路方泗公路北约5米","2014-9-30 17:20:00"
"321",321,"伤人事故","莘松路进场西路西约60米","2014-8-25 6:32:00"
"322",322,"死亡事故","嘉松中路华志路北约5米","2014-11-1 5:11:00"
"323",323,"死亡事故","潘泾路进宝安公路南约500米","2014-8-6 6:38:00"
"324",324,"死亡事故","新胜路出友爱路北约1000米","2014-9-13 7:10:00"
"325",325,"死亡事故","月罗公路抚远路东约1米","2014-7-27 16:12:00"
"326",326,"死亡事故","大川公路进拱为路北约500米","2014-8-20 19:25:00"
"327",327,"死亡事故","浦星公路联跃路东约0米","2014-9-3 7:49:00"
"328",328,"伤人事故","泗陈公路进横港公路西约300米","2014-7-17 21:15:00"
"329",329,"死亡事故","纪翟路北翟支路东北约5米","2014-9-4 6:45:00"
"330",330,"死亡事故","浦卫公路奉庄公路东约1米","2014-10-20 11:45:00"
"331",331,"伤人事故","复兴东路出大夫坊东约30米","2014-8-20"
"332",332,"伤人事故","宝山路海伦西路南约00米","2014-9-12 14:10:00"
"333",333,"死亡事故","城中路城中街西约1米","2014-9-25 15:10:00"
"334",334,"死亡事故","百色路龙川北路西约5米","2014-9-9 14:39:00"
"335",335,"死亡事故","国顺东路出双阳北路东约700米","2014-7-23 15:30:00"
"336",336,"伤人事故","二热一路二热五路北约15米","2014-7-17 8:05:00"
"337",337,"死亡事故","叶新公路出中南路东约300米","2014-10-2 18:15:00"
"338",338,"死亡事故","大叶公路进车亭公路东约1000米","2014-8-19 5:00:00"
"339",339,"死亡事故","沪昆高速北侧47km约0米","2014-8-28 1:56:00"
"340",340,"伤人事故","沪松公路进沪亭北路东约200米","2014-7-10 3:01:00"
"341",341,"死亡事故","港城路出浦东北路西约1000米","2014-8-11 14:00:00"
"342",342,"伤人事故","新车公路三浜路东北约10米","2014-8-20 5:05:00"
"343",343,"死亡事故","宝杨路江杨北路(东)东约1米","2014-9-23 18:12:00"
"344",344,"死亡事故","胜辛北路汇荣路北约1米","2014-11-17 17:28:00"
"345",345,"死亡事故","沪昆高速出沪方向新浜入口匝道","2014-10-7 14:33:00"
"346",346,"伤人事故","新松江路出三新北路东约500米","2014-12-8 11:31:00"
"347",347,"死亡事故","沪陕高速东侧44km约700米","2014-8-8 2:58:00"
"348",348,"死亡事故","新松江路进西林北路西约100米","2014-9-14 23:19:00"
"349",349,"死亡事故","百安公路园耀路东约1米","2014-10-2 6:03:00"
"350",350,"死亡事故","沈海高速西侧亭卫公路出口","2014-10-20 21:05:00"
"351",351,"死亡事故","京沪高速进沪1216.3km约0米","2014-11-17 21:15:00"
"352",352,"伤人事故","打浦路隧道中山南一路南约200米","2014-7-21 9:52:00"
"353",353,"死亡事故","水产路进铁力路东约100米","2014-11-7 15:18:00"
"354",354,"死亡事故","华夏中路张江路东约1米","2014-10-11 11:00:00"
"355",355,"死亡事故","长石公路进甘德公路(东)南约200米","2014-10-2 21:44:00"
"356",356,"死亡事故","车亭公路进同建公路南约500米","2014-10-27 12:45:00"
"357",357,"死亡事故","沈海高速东侧亭卫公路入口前约20米","2015-1-20 9:38:00"
"358",358,"死亡事故","真南路出真北路西约50米","2014-11-20 10:20:00"
"359",359,"死亡事故","内环高架外侧浦东内环高架内圈锦绣下匝道前约300米","2014-10-26 22:57:00"
"360",360,"伤人事故","中山北路光新路东约5米","2014-10-4 6:35:00"
"361",361,"伤人事故","漕溪北路出南丹东路约5米","2014-8-19 22:38:00"
"362",362,"死亡事故","中兴路共和新路北约1米","2014-11-3 14:16:00"
"363",363,"伤人事故","三鲁公路沈杜公路北约30米","2014-11-26 12:56:00"
"364",364,"死亡事故","桂林路进吴中路南约250米","2014-12-26 20:01:00"
"365",365,"死亡事故","瑞虹路出天镇路北约50米","2014-11-26 10:42:00"
"366",366,"死亡事故","富联路进宝安公路北约60米","2014-7-10 20:25:00"
"367",367,"伤人事故","长江西路进郁江巷路西约500米","2014-8-7 14:36:00"
"368",368,"死亡事故","泗陈公路进沪松公路西约100米","2014-10-18 11:14:00"
"369",369,"死亡事故","浦东北路航津路北约1米","2014-12-3 18:50:00"
"370",370,"死亡事故","华泾路出位育路西约50米","2014-7-30 15:57:00"
"371",371,"伤人事故","北青公路华翔路西北约5米","2014-10-13 15:52:00"
"372",372,"伤人事故","友谊路铁力路路口","友谊路铁力路路口"
"373",373,"伤人事故","中春路颛盛路北约30米","2014-9-11 20:00:00"
"374",374,"死亡事故","古棕路出美人蕉路西约200米","2014-8-23 8:35:00"
"375",375,"伤人事故","南大路出制革路西约10米","2014-11-10 21:29:00"
"376",376,"伤人事故","联友路出纪高路北约200米","2014-9-18 12:21:00"
"377",377,"死亡事故","吴中路合川路东约0米","2014-10-14 11:35:00"
"378",378,"死亡事故","大叶公路车亭公路东约5米","2014-10-21 19:54:00"
"379",379,"死亡事故","中原路翔殷路北约200米","2014-9-23 23:20:00"
"380",380,"伤人事故","联友路纪高路西北约3米","2014-12-6 6:23:00"
"381",381,"死亡事故","真光路出梅川路南约150米","2014-7-18 11:45:00"
"382",382,"死亡事故","卫行路出华夏西路南约360米","2014-9-15 13:36:00"
"383",383,"死亡事故","金廊公路进亭枫公路南约1000米","2014-11-9 21:00:00"
"384",384,"死亡事故","合五公路进北沿公路南约1100米","2014-10-15 17:50:00"
"385",385,"死亡事故","翠竹路进佘山岛路东约200米","2014-11-8 19:07:00"
"386",386,"死亡事故","松金公路亭枫公路东南约3米","2014-12-28 19:55:00"
"387",387,"伤人事故","昆港公路出光华路南约100米","2015-1-13 17:04:00"
"388",388,"死亡事故","川沙路迎宾高速北侧川沙路上匝道北约1米","2014-12-23 18:20:00"
"389",389,"死亡事故","叶新公路进松金公路东约800米","2014-11-3 12:28:00"
"390",390,"死亡事故","榕桥路金京路东约2米","2014-12-18 14:42:00"
"391",391,"伤人事故","昆港公路出佘天昆公路南约300米","2014-12-6 9:08:00"
"392",392,"死亡事故","曹杨路出固川路北约80米","2014-10-16 15:22:00"
"393",393,"死亡事故","华申路富特西一路东约00米","2014-11-11 9:55:00"
"394",394,"伤人事故","虹梅路出吴中路南约50米","2014-12-5 9:42:00"
"395",395,"死亡事故","东海大道进能源路西约300米","2014-11-3 10:08:00"
"396",396,"伤人事故","浦星公路永南路北约0米","2014-11-17 20:38:00"
"397",397,"死亡事故","东亭路进晚霞路南约300米","2015-1-30 8:46:00"
"398",398,"死亡事故","江川路进昆阳路西约1000米","2014-9-23 19:10:00"
"399",399,"死亡事故","杨高北路东陆路东约10米","2014-9-20 19:56:00"
"400",400,"伤人事故","江川路菱川路东约0米","2014-11-30 17:10:00"
"401",401,"伤人事故","周家嘴路进通州路东约50米","2014-10-25 11:55:00"
"402",402,"伤人事故","江川路出瑞丽路西约150米","2014-12-12 14:09:00"
"403",403,"死亡事故","锦绣路进高青路南约150米","2014-10-23 14:20:00"
"404",404,"伤人事故","三鲁公路东方一路北约10米","2014-10-29 18:48:00"
"405",405,"死亡事故","叶庄公路东侧1km约200米","2014-12-3 19:31:00"
"406",406,"死亡事故","川桥路金港路东约1米","2015-1-28 17:25:00"
"407",407,"伤人事故","玉树路出松汇西路南约100米","2015-1-2 14:15:00"
"408",408,"死亡事故","博园路联西路东约1米","2014-11-22 17:25:00"
"409",409,"死亡事故","金昌西路嘉松北路北约2米","2014-11-17 19:00:00"
"410",410,"伤人事故","上海绕城高速西侧129.2km约20米","2015-1-6 22:22:00"
"411",411,"死亡事故","环城南路环城西路东约1米","2015-1-8 7:44:00"
"412",412,"伤人事故","沪松公路张泾路东约1米","2015-1-13 7:46:00"
"413",413,"死亡事故","三双公路出利民路北约200米","2015-1-9 8:15:00"
"414",414,"死亡事故","九泾路进涞寅路北约3米","2014-12-10 7:53:00"
"415",415,"死亡事故","杨高中路进金新路西约10米","2015-2-24 22:25:00"
"416",416,"伤人事故","兰竹路出青杉路北约100米","2014-10-29 18:36:00"
"417",417,"死亡事故","人民北路进思贤路南约100米","2014-9-18 18:34:00"
"418",418,"死亡事故","目华路出北河路北约37米","2014-10-7 17:29:00"
"419",419,"死亡事故","沪南公路沉香村","2014-11-3 16:10:00"
"420",420,"死亡事故","望园路进航南公路北约1000米","2014-9-7 6:25:00"
"421",421,"死亡事故","娄陆公路嘉唐公路东约1000米","2014-11-3 17:14:00"
"422",422,"死亡事故","海湾路南海公路东约2米","2014-10-18 16:50:00"
"423",423,"死亡事故","港沿公路出草港公路北约500米","2014-12-8 9:05:00"
"424",424,"伤人事故","莘砖公路出九新公路东约120米","2015-1-8 7:18:00"
"425",425,"死亡事故","虹梅南路出金都路北约300米","2014-11-24 19:05:00"
"426",426,"死亡事故","吴中路进虹梅路西约150米","2015-1-14 4:06:00"
"427",427,"死亡事故","昆港公路港兴路东约10米","2014-11-5 8:20:00"
"428",428,"死亡事故","老芦公路进同顺大道北约1000米","2014-10-26 15:15:00"
"429",429,"伤人事故","松东路出环城路北约200米","2015-1-14 19:50:00"
"430",430,"伤人事故","龙源路进文汇路北约800米","2015-1-23 21:10:00"
"431",431,"死亡事故","东川路天星路西约0米","2015-3-2 9:46:00"
"432",432,"死亡事故","田东路出漕东支路东约150米","2014-11-11 12:26:00"
"433",433,"死亡事故","团青公路北唐路东约1米","2014-12-2 20:15:00"
"434",434,"死亡事故","虹桥路出中山西路东约250米","2015-1-17 22:05:00"
"435",435,"伤人事故","水产路进牡丹江路西约100米","2014-12-14 8:55:00"
"436",436,"死亡事故","周祝公路进南祝路(西)西约1000米","2014-10-3 9:15:00"
"437",437,"伤人事故","三鲁公路联航路北约0米","2014-11-9 13:29:00"
"438",438,"死亡事故","月春路进月罗路南约100米","2014-10-10 8:53:00"
"439",439,"死亡事故","江杨北路东侧0km约98米","2014-8-15 7:28:00"
"440",440,"死亡事故","外环高速东侧71.5km前约0米","2014-11-19 1:39:00"
"441",441,"死亡事故","崧泽大道诸光路东南约5米","2014-11-23 11:39:00"
"442",442,"伤人事故","北青公路华翔路西南约15米","2015-1-25 17:03:00"
"443",443,"伤人事故","浦星公路进鲁南路北约500米","2014-9-28 7:20:00"
"444",444,"伤人事故","沧源路进景谷东路北约150米","2015-3-20 7:35:00"
"445",445,"死亡事故","漕廊公路进秦弯路东约1000米","2014-12-18 10:42:00"
"446",446,"死亡事故","虹桥路出凯旋路西约20米","2014-12-4 17:41:00"
"447",447,"死亡事故","平庄西路六墩村中心路东约1米","2014-11-14 11:06:00"
"448",448,"死亡事故","朗枫路沪太路东约1米","2014-10-26 7:15:00"
"449",449,"死亡事故","沪南公路沉香村","2014-11-30 17:50:00"
"450",450,"死亡事故","南<U+FFFD>藻路进南<U+FFFD>藻支路东约200米","2014-11-17 17:08:00"
"451",451,"死亡事故","浦卫公路进科工路北约200米","2014-9-8 22:00:00"
"452",452,"死亡事故","秀沿路进康新公路东约150米","2014-10-2 22:49:00"
"453",453,"死亡事故","北陈公路出陈彷公路北约1000米","2014-11-23 9:25:00"
"454",454,"伤人事故","元江路莲花南路西约0米","2014-9-29 21:44:00"
"455",455,"伤人事故","浦星公路沈杜公路北约0米","2015-1-20 19:32:00"
"456",456,"伤人事故","浦星公路进联航路北约150米","2014-10-23 10:10:00"
"457",457,"死亡事故","东川公路金海路东约2米","2015-1-1 4:17:00"
"458",458,"伤人事故","吴中路进吴宝路东约5米","2014-12-15 15:55:00"
"459",459,"死亡事故","奉柘公路进钦林南路东约100米","2014-12-14 17:30:00"
"460",460,"死亡事故","伊宁路环南四路(南)西约100米","2014-12-16 18:32:00"
"461",461,"死亡事故","胡桥新街进浦卫公路东约150米","2014-12-29 8:05:00"
"462",462,"死亡事故","漕盈公路清河湾路(南)南约10米","2015-1-14 17:37:00"
"463",463,"死亡事故","浦卫公路光明中心路西约300米","2014-11-8 10:30:00"
"464",464,"死亡事故","沔北路孙桥路西约1000米","2014-10-2 20:30:00"
"465",465,"死亡事故","川沙路进川图路北约2米","2014-12-21 17:50:00"
"466",466,"伤人事故","辰花公路龙源路北约10米","2015-1-24 12:27:00"
"467",467,"死亡事故","南芦公路出马五公路西约400米","2014-9-22 16:15:00"
"468",468,"伤人事故","剑川路进沧源路东约300米","2014-10-28 13:00:00"
"469",469,"死亡事故","新闸路石门二路西约2米","2014-10-14 10:02:00"
"470",470,"死亡事故","嘉新公路宝安公路东约1米","2014-11-10 14:43:00"
"471",471,"死亡事故","浦星公路进奉柘公路西约100米","2014-12-25 7:00:00"
"472",472,"财产损失事故","沪太路行知路东约1米","2014-12-29 7:30:00"
"473",473,"死亡事故","宝杨路通达路东约1米","2014-11-1 20:53:00"
"474",474,"死亡事故","金陵中路进普安路东约70米","2014-9-25 22:45:00"
"475",475,"死亡事故","奎照路进凉城路西约100米","2014-11-23 15:52:00"
"476",476,"死亡事故","外环高速东侧75.6km约1米","2014-11-4 5:30:00"
"477",477,"死亡事故","金沪路新金桥路东约10米","2014-10-26 15:12:00"
"478",478,"死亡事故","曹安公路万镇路西约200米","2014-11-30 10:58:00"
"479",479,"死亡事故","大叶公路东侧25km约100米","2014-9-9 5:33:00"
"480",480,"死亡事故","外环高速外侧18km约50米","2014-10-14 9:34:00"
"481",481,"死亡事故","江杨南路进长江西路南约1377米","2014-10-5 13:55:00"
"482",482,"死亡事故","四川北路海宁路西约00米","2014-11-18 10:11:00"
"483",483,"死亡事故","东川公路凌白公路东约1米","2014-12-10 10:55:00"
"484",484,"死亡事故","广富林路辰塔路西南约15米","2014-12-9 15:55:00"
"485",485,"死亡事故","武宁南路康定路南约8米","2014-11-1 14:45:00"
"486",486,"死亡事故","申嘉湖高速西侧33km约300米","2014-11-14 2:50:00"
"487",487,"伤人事故","牡丹江路盘古路路口","2014-12-29 17:18:00"
"488",488,"死亡事故","世博大道进白莲泾路南约10米","2015-1-8 10:50:00"
"489",489,"死亡事故","新环东路进牌楼东路东约150米","2015-1-3 15:16:00"
"490",490,"死亡事故","鲁班路斜土路北约0米","2014-9-27 10:35:00"
"491",491,"死亡事故","沪昆高速西侧沪昆高速枫泾收费站广场前约100米","2014-11-21 12:50:00"
"492",492,"伤人事故","共和新路出大宁路北约500米","2015-1-13 19:22:00"
"493",493,"死亡事故","胜竹路永新路东约0米","2014-11-13 19:05:00"
"494",494,"死亡事故","航南公路出泰西路西约5米","2014-12-27 17:30:00"
"495",495,"死亡事故","浦星公路东侧30km约100米","2014-12-27 7:10:00"
"496",496,"死亡事故","古北路出长宁路南约10米","2014-11-14 10:48:00"
"497",497,"死亡事故","北<U+009C><U+FFFD><U+FFFD>烦龊旒陈繁痹<U+FFFD>米","2014-12-5 5:20:00"
"498",498,"死亡事故","嫩江路出中原路西约150米","2014-11-18 14:10:00"
"499",499,"财产损失事故","樟岭路盘古路东约0米","2014-12-29 23:28:00"
"500",500,"死亡事故","扶港路进大叶公路北约100米","2014-11-2 18:46:00"
"501",501,"死亡事故","亭卫公路进大慈路南约200米","2014-11-10 8:10:00"
"502",502,"死亡事故","其他路蔷薇村","其他路蔷薇村"
"503",503,"死亡事故","沪太路出华阴路北约60米","2014-11-7 11:07:00"
"504",504,"死亡事故","徐潘路出劳动路东约300米","2014-11-21 17:55:00"
"505",505,"伤人事故","港建路申东路口","2014-11-14 9:17:00"
"506",506,"伤人事故","博园路新黄路西约10米","2014-12-14 6:00:00"
"507",507,"死亡事故","冠生园路出桂林路东约100米","2014-12-19 12:18:00"
"508",508,"死亡事故","华宁路出北松公路南约300米","2015-1-3 6:30:00"
"509",509,"死亡事故","车亭公路出叶新公路北约1000米","2014-12-26 22:50:00"
"510",510,"死亡事故","南六公路出宣春路南约500米","2014-9-15 14:20:00"
"511",511,"死亡事故","长江路长江南路西约30米","2014-12-12 22:46:00"
"512",512,"死亡事故","四川北路邢家桥南路北约20米","2014-11-8 8:40:00"
"513",513,"死亡事故","卖新公路马明路西北约10米","2014-10-7 17:06:00"
"514",514,"伤人事故","泗砖路出长施公路南约70米","2014-12-20 9:43:00"
"515",515,"死亡事故","沪城环路出橄榄路南约200米","2014-10-5 21:45:00"
"516",516,"死亡事故","沪南公路出沈庄路南约100米","2014-11-2 18:40:00"
"517",517,"财产损失事故","江杨北路进富锦路北约20米","2014-12-29 15:00:00"
"518",518,"伤人事故","辰花路出沪松公路西约10米","2014-10-24 7:37:00"
"519",519,"伤人事故","富特中路出新灵路北约50米","2014-10-28 8:33:00"
"520",520,"死亡事故","沈石路进宝安公路西约100米","2014-12-24 21:18:00"
"521",521,"伤人事故","荣乐东路出联阳路东约20米","2015-1-19 15:45:00"
"522",522,"伤人事故","中春路北松公路南约200米","2014-10-13 11:11:00"
"523",523,"死亡事故","沪闵路莘建路西约0米","2014-10-24 20:15:00"
"524",524,"死亡事故","北松公路进香泾路东约10米","2014-10-28 8:45:00"
"525",525,"死亡事故","北沿公路进小洋公路东约1500米","2015-1-10 18:00:00"
"526",526,"死亡事故","练西公路进沪青平公路南约1000米","2014-12-22 16:55:00"
"527",527,"死亡事故","临洮路靖远路东约1米","2015-1-1 23:35:00"
"528",528,"死亡事故","北翟路南华街西北约15米","2015-2-24 16:22:00"
"529",529,"死亡事故","金廊公路进朱吕公路北约200米","2014-10-24 20:32:00"
"530",530,"死亡事故","北<U+009C><U+FFFD><U+FFFD>方<U+FFFD>毖毓<U+FFFD>纺显<U+FFFD>000米","2014-10-23 11:32:00"
"531",531,"死亡事故","沪松路进繁华路南约50米","2015-1-2 6:08:00"
"532",532,"死亡事故","吴中路进桂林北路西约200米","2015-1-1 19:30:00"
"533",533,"死亡事故","洛场路进场联路西约100米","2014-10-9 13:19:00"
"534",534,"伤人事故","沪青平公路进前云路南约200米","2015-3-11 8:45:00"
"535",535,"死亡事故","柳湖路树屏路东约1米","2015-3-26 8:43:00"
"536",536,"死亡事故","沪青平公路蟠龙路西北约5米","2015-2-2 7:20:00"
"537",537,"伤人事故","方塔北路美能达路北约20米","2015-4-16 19:48:00"
"538",538,"死亡事故","姚北公路出沪亭南路东约20米","2015-1-5 19:15:00"
"539",539,"死亡事故","练西公路进老朱枫公路西约600米","2015-1-24 14:23:00"
"540",540,"死亡事故","胜辛南路进宝安公路东约300米","2014-12-11 19:55:00"
"541",541,"死亡事故","沪南公路观海路东约1米","2015-1-22 12:56:00"
"542",542,"死亡事故","北翟路七莘路东南约12米","2015-1-7 22:30:00"
"543",543,"伤人事故","泗凤公路刘五公路东约5米","2015-1-1 11:33:00"
"544",544,"死亡事故","顾高公路出陈邵路西约350米","2015-3-3 14:24:00"
"545",545,"死亡事故","张杨北路外环高速外侧张杨北路上匝道西约5米","2014-11-17 20:41:00"
"546",546,"死亡事故","昌里路洪山路东约1米","2014-11-6 11:07:00"
"547",547,"死亡事故","东长治路进高阳路西约100米","2014-10-29 17:00:00"
"548",548,"死亡事故","人民路新开河路北约0米","2014-11-10 18:10:00"
"549",549,"死亡事故","曹杨路进宁夏路北约50米","2014-12-26 20:28:00"
"550",550,"死亡事故","沪宜公路永盛路西约5米","2015-2-22 23:50:00"
"551",551,"死亡事故","江杨北路出友谊路南约200米","2014-9-21 7:43:00"
"552",552,"伤人事故","上海绕城高速东侧139km约900米","2015-1-4 1:05:00"
"553",553,"死亡事故","人民西路进大川公路西约800米","2014-12-19 12:25:00"
"554",554,"死亡事故","金石南路进漕廊公路北约1000米","2014-12-30 14:40:00"
"555",555,"伤人事故","临平路瑞虹路东约0米","2015-1-18 12:50:00"
"556",556,"死亡事故","博乐南路嘉罗公路东约1米","2014-12-27 9:20:00"
"557",557,"死亡事故","叶城路出永盛路西约50米","2015-2-7 1:18:00"
"558",558,"死亡事故","罗北路进罗溪路东约389米","2014-10-12 16:26:00"
"559",559,"死亡事故","外环高速外侧22km约10米","2014-12-8 21:20:00"
"560",560,"死亡事故","泰和路进同济路西约20米","2014-12-7 12:50:00"
"561",561,"伤人事故","联友路进鸣嘉路北约300米","2014-10-29 13:35:00"
"562",562,"死亡事故","沧源路进剑川路南约300米","2014-10-24 10:15:00"
"563",563,"伤人事故","昆港公路进平原街南约50米","2015-1-13 11:45:00"
"564",564,"伤人事故","春申路出虹梅南路东约200米","2014-12-12 8:50:00"
"565",565,"伤人事故","卢浦大桥西侧LDX-048约0米","2014-9-15 7:20:00"
"566",566,"伤人事故","广富林东路中创路南约15米","2014-10-24 17:37:00"
"567",567,"死亡事故","南六公路朱明连路西约1米","2014-11-22 10:30:00"
"568",568,"死亡事故","仙霞西路平塘路东约5米","2014-11-25 6:03:00"
"569",569,"死亡事故","高桥江东路出凌海路北约150米","2014-12-4 6:09:00"
"570",570,"死亡事故","荣乐西路出玉树路东约500米","2015-2-12 5:55:00"
"571",571,"死亡事故","昆阳路剑川路北约200米","2014-10-10 9:40:00"
"572",572,"死亡事故","罗山路博山路西北约5米","2014-9-16 10:48:00"
"573",573,"死亡事故","松卫南路进漕廊公路南约20米","2015-1-7 7:45:00"
"574",574,"死亡事故","沪宜公路进世盛路西约10米","2014-12-22 6:40:00"
"575",575,"死亡事故","五洲大道南侧杨高北路上匝道","2014-11-20 23:20:00"
"576",576,"死亡事故","新元南路两港大道东约5米","2014-9-29 10:23:00"
"577",577,"死亡事故","康桥东路康新公路北约20米","2015-1-24 10:10:00"
"578",578,"死亡事故","外环高速外侧13.3km约1米","2014-12-25 11:40:00"
"579",579,"伤人事故","沪太路纬地路东约1米","2015-3-20 22:20:00"
"580",580,"死亡事故","金石路沪太路路口","金石路沪太路路口"
"581",581,"死亡事故","嘉行公路进施钱路南约1000米","2015-1-14 17:30:00"
"582",582,"死亡事故","林海公路进上塑路北约100米","2014-11-24 15:40:00"
"583",583,"死亡事故","徐曹路开源路东约20米","2014-12-28 17:36:00"
"584",584,"伤人事故","铁山路进水产路南约900米","2015-3-3 15:20:00"
"585",585,"死亡事故","华夏西路进康杉路西约80米","2014-11-10 23:50:00"
"586",586,"死亡事故","其他路洋桥村沈家宅","2014-11-8 18:33:00"
"587",587,"死亡事故","沪嘉高速东侧23公里km约800米","2015-2-4 14:45:00"
"588",588,"死亡事故","大叶公路出车亭公路东约850米","2015-1-1 17:38:00"
"589",589,"伤人事故","松卫北路进塔闵公路北约80米","2015-1-18 12:23:00"
"590",590,"死亡事故","上海绕城高速外侧54.6km约10米","2014-10-14 0:43:00"
"591",591,"死亡事故","七莘路中谊路西约0米","2014-10-25 4:57:00"
"592",592,"死亡事故","金海路顾唐路东约2米","2014-11-29 15:17:00"
"593",593,"伤人事故","长江南路进淞塘路东约200米","2014-12-29 16:30:00"
"594",594,"伤人事故","淞宝路淞青路西约0米","2014-12-29 20:50:00"
"595",595,"死亡事故","宝安公路宝中路东约1米","2014-12-25 16:45:00"
"596",596,"伤人事故","南乐路出新车公路西约200米","2015-1-14 0:05:00"
"597",597,"死亡事故","金石路潘泾路路口","金石路潘泾路路口"
"598",598,"死亡事故","华重公路进嘉松中路西约100米","2015-1-26 10:15:00"
"599",599,"死亡事故","长宁路中山西路南约5米","2014-12-27 20:06:00"
"600",600,"死亡事故","交通路进中山北路西约100米","2014-10-30 20:38:00"
"601",601,"死亡事故","沪太公路曹新公路路口","沪太公路曹新公路路口"
"602",602,"死亡事故","高木桥路进孙环路东约1米","2015-1-15 16:42:00"
"603",603,"伤人事故","叶家公路出沪松公路东约100米","2015-1-24 14:57:00"
"604",604,"死亡事故","老芦公路出塘北路北约500米","2014-11-30 11:40:00"
"605",605,"伤人事故","立跃路万芳路东约10米","2014-10-26 9:45:00"
"606",606,"死亡事故","莘松路出场西路东约300米","2014-11-21 20:15:00"
"607",607,"死亡事故","江杨南路<U+FFFD>藻南路北约1米","2014-12-22 14:06:00"
"608",608,"死亡事故","平庄东路沿钱公路东约3米","2014-9-17 11:10:00"
"609",609,"死亡事故","平庄东路奉柘公路西约200米","2014-10-4 14:10:00"
"610",610,"死亡事故","华山路出江苏路南约200米","2014-10-29 18:09:00"
"611",611,"死亡事故","外环高速内侧85km约100米","2014-12-1 14:07:00"
"612",612,"死亡事故","北大街进温宿路北约500米","2014-12-24 20:45:00"
"613",613,"死亡事故","东川公路金海路东南约15米","2014-12-12 6:12:00"
"614",614,"死亡事故","团城公路进新申公路东约300米","2014-12-26 6:00:00"
"615",615,"伤人事故","陈海公路堡镇北路南约15米","2014-10-6 19:10:00"
"616",616,"死亡事故","川南奉公路出下盐路北约400米","2014-10-18 16:25:00"
"617",617,"死亡事故","其他路康桥镇锦绣华都小区","其他路康桥镇锦绣华都小区"
"618",618,"死亡事故","华夏东路出凌空路东约150米","2015-1-1 3:05:00"
"619",619,"死亡事故","华青南路出沪青平公路北约300米","2014-12-13 2:14:00"
"620",620,"伤人事故","荣乐东路东兴路南约10米","2015-1-14 16:58:00"
"621",621,"死亡事故","荣乐东路松卫北路东南约15米","2015-3-16 7:14:00"
"622",622,"伤人事故","水产路进同泰北路西约200米","2014-10-19 16:00:00"
"623",623,"死亡事故","沈海高速东侧1271.3km约1米","2014-10-31 2:50:00"
"624",624,"死亡事故","外环高速内侧14km约700米","2014-11-21 22:09:00"
"625",625,"死亡事故","申嘉湖高速南侧27.3km约30米","2015-1-27 21:00:00"
"626",626,"死亡事故","沪闵路灯辉路北约50米","2015-1-7 21:00:00"
"627",627,"伤人事故","南京东路西藏中路南约0米","2014-9-11 16:05:00"
"628",628,"死亡事故","申嘉湖高速南侧22.8km约50米","2014-9-24 23:10:00"
"629",629,"死亡事故","新川沙路潘泾路东约1米","2014-11-14 11:14:00"
"630",630,"死亡事故","平遥路沪太路东约1米","2014-11-5 11:36:00"
"631",631,"伤人事故","广富林东路出中凯路西约100米","2015-1-13 18:30:00"
"632",632,"伤人事故","沪松公路广富林路东北约15米","2014-12-30 14:50:00"
"633",633,"伤人事故","古楼公路出嘉松南路东约50米","2014-12-9 6:24:00"
"634",634,"死亡事故","川沙路进民春路南约400米","2015-1-6 18:02:00"
"635",635,"死亡事故","丰华公路丰庄西路西约300米","2014-12-13 7:55:00"
"636",636,"伤人事故","共和新路永和路北约1米","2014-9-26 5:35:00"
"637",637,"死亡事故","沪渝高速南侧25km约600米","2015-1-17 1:55:00"
"638",638,"死亡事故","大叶公路东侧30km约100米","2014-11-30 20:37:00"
"639",639,"死亡事故","高科东路齐爱路东约1米","2014-12-24 13:42:00"
"640",640,"死亡事故","青昆公路出青天路南约50米","2014-11-8 6:00:00"
"641",641,"死亡事故","纪翟路朱建路东南约10米","2014-10-19 23:49:00"
"642",642,"死亡事故","真南路水厂路东约0米","2015-1-15 0:45:00"
"643",643,"死亡事故","航塘公路进南奉公路南约700米","2014-12-18 18:20:00"
"644",644,"死亡事故","白石公路老白石公路南约10米","2014-12-5 5:30:00"
"645",645,"死亡事故","老芦公路港北路口","老芦公路港北路口"
"646",646,"死亡事故","墨玉路进昌吉路北约150米","2014-11-8 17:15:00"
"647",647,"死亡事故","港城路出江泉路东约10米","2014-10-9 20:09:00"
"648",648,"死亡事故","亭卫公路红旗东路东约1米","2014-12-1 9:35:00"
"649",649,"死亡事故","浦星公路出红临路北约300米","2014-10-19 22:23:00"
"650",650,"死亡事故","外环高速外侧75.7km约1米","2014-11-4 22:28:00"
"651",651,"伤人事故","漕宝路莲花路西约5米","2015-3-29 22:47:00"
"652",652,"伤人事故","沪太公路顾太路路口","2015-1-19 8:25:00"
"653",653,"死亡事故","江杨南路呼兰路东约1米","2014-8-27 6:32:00"
"654",654,"死亡事故","松卫北路进泖亭路北约10米","2014-12-15 15:43:00"
"655",655,"死亡事故","长兴路进沪松公路东约20米","2014-12-1 23:34:00"
"656",656,"死亡事故","济阳路进三航路北约500米","2015-1-8 20:30:00"
"657",657,"死亡事故","外环高速东侧30km约1米","2015-4-1 21:55:00"
"658",658,"伤人事故","景谷路华宁路东约0米","2015-1-27 22:30:00"
"659",659,"伤人事故","荣乐东路出方塔北路东约100米","2015-1-13 7:05:00"
"660",660,"死亡事故","银翔路槎溪路东约1米","2014-12-15 16:34:00"
"661",661,"死亡事故","霍山路大连路南约00米","2014-11-22 18:50:00"
"662",662,"死亡事故","沪太路南<U+FFFD>藻路东约1米","2014-12-14 14:41:00"
"663",663,"死亡事故","沈太路进沈砖公路南约4000米","2015-1-16 14:00:00"
"664",664,"死亡事故","虹梅南路进澄江路南约500米","2015-1-8 7:25:00"
"665",665,"死亡事故","<U+FFFD>川公路湄星路(东)西南约1米","2014-12-21 8:30:00"
"666",666,"死亡事故","北沿公路进港沿公路东约1000米","2014-11-1 17:40:00"
"667",667,"死亡事故","大治河路进英墩路西约800米","2014-11-23 9:15:00"
"668",668,"死亡事故","汶水东路出逸仙路西约100米","2014-12-13 1:07:00"
"669",669,"死亡事故","泽普路进墨玉路西约200米","2014-12-4 4:10:00"
"670",670,"死亡事故","银春路沪闵路西约600米","2014-11-24 18:52:00"
"671",671,"死亡事故","漕廊公路进张溪路东约1米","2014-12-2 6:29:00"
"672",672,"死亡事故","其他路港沿镇惠中村","2014-11-8 7:00:00"
"673",673,"死亡事故","环城南路通阳路东约1米","2014-11-5 7:12:00"
"674",674,"死亡事故","高桥江东路进草高公路西约150米","2015-3-17 9:08:00"
"675",675,"死亡事故","沈海高速西侧1314km约47米","2014-12-10 13:27:00"
"676",676,"财产损失事故","泰和路同济路路口东侧约200米处","泰和路同济路路口东侧约200米处"
"677",677,"死亡事故","崧泽大道赵重公路北约5米","2014-11-20 21:30:00"
"678",678,"死亡事故","联杨路进长联路南约100米","2014-12-29 13:58:00"
"679",679,"死亡事故","恒飞路百安公路西约500米","2014-11-14 6:47:00"
"680",680,"死亡事故","世纪大道出商城路东约33米","2014-11-30 22:30:00"
"681",681,"伤人事故","宝钱公路嘉唐公路东约500米","2014-12-20 17:39:00"
"682",682,"死亡事故","三宣公路进南团公路西约2000米","2014-12-20 5:50:00"
"683",683,"伤人事故","宝安公路进菊泉街东约50米","2014-11-14 7:20:00"
"684",684,"伤人事故","洞薛路进洞薛路洞西路东约2米","2015-1-11 16:10:00"
"685",685,"死亡事故","军工路出淞军路西约300米","2015-2-7 12:13:00"
"686",686,"死亡事故","和静路22弄7号门前东西向小路","和静路22弄7号门前东西向小路"
"687",687,"伤人事故","易富路进九新公路西约200米","2014-12-4 5:30:00"
"688",688,"财产损失事故","沪太公路石太路东约10米","2014-12-30 9:40:00"
"689",689,"死亡事故","沈海高速西侧1282km约700米","2015-2-5 19:58:00"
"690",690,"死亡事故","康新公路周邓公路东约10米","2015-2-12 9:43:00"
"691",691,"死亡事故","华夏中路罗山路东约30米","2015-1-30 13:04:00"
"692",692,"死亡事故","团青公路奉村路东约1米","2015-2-23 13:10:00"
"693",693,"死亡事故","虹梅南路外环高速东约0米","2015-3-30 11:40:00"
"694",694,"伤人事故","立跃路浦秀路北约0米","2015-3-23 6:30:00"
"695",695,"死亡事故","中山北二路四平路东约5米","2015-1-7 17:40:00"
"696",696,"死亡事故","港文路海杰路东约100米","2015-2-15 6:03:00"
"697",697,"死亡事故","高桥江东路出凌江路南约200米","2015-4-25 11:40:00"
"698",698,"伤人事故","周家嘴路出通州路东约20米","2015-2-28 6:11:00"
"699",699,"死亡事故","花木路出锦绣路东约30米","2015-3-1 19:15:00"
"700",700,"死亡事故","南团公路出南芦公路北约500米","2015-1-29 22:30:00"
"701",701,"死亡事故","奉柘公路进沪杭公路东约1000米","2015-3-11 9:20:00"
"702",702,"伤人事故","立跃路浦秀路西约0米","2015-1-26 13:43:00"
"703",703,"死亡事故","泰和路江杨北路东约1米","2014-9-15 6:00:00"
"704",704,"死亡事故","沪芦高速南侧60.9km约50米","2015-4-7 8:05:00"
"705",705,"财产损失事故","民益路新效路西约2米","2015-4-29 16:39:00"
"706",706,"死亡事故","沪芦高速临港服务区北侧加油站","2015-1-16 20:43:00"
"707",707,"死亡事故","中山南二路出天钥桥路西约200米","2015-4-12 18:30:00"
"708",708,"伤人事故","北青公路进金光路西约800米","2015-3-23 18:10:00"
"709",709,"伤人事故","石太路钱陆路东约1米","2015-2-28 13:00:00"
"710",710,"伤人事故","泗砖南路进长兴东路南约400米","2015-4-1 19:39:00"
"711",711,"伤人事故","祁连山路丰翔路北约0米","2015-2-10 14:10:00"
"712",712,"死亡事故","上海绕城高速东侧173km约800米","2015-4-14 13:30:00"
"713",713,"死亡事故","高桥江东路出凌高路南约80米","2015-3-22 18:53:00"
"714",714,"伤人事故","千新公路出九江公路北约2米","2015-3-1 13:30:00"
"715",715,"死亡事故","世纪大道进商城路西约10米","2015-4-1 20:14:00"
"716",716,"伤人事故","华翔路进天山西路北约60米","2015-4-22 15:10:00"
"717",717,"伤人事故","泉临路长临路东约1米","2015-1-15 22:02:00"
"718",718,"死亡事故","南芦公路188弄158号上海成农饲料厂东门口","2015-4-12 11:15:00"
"719",719,"死亡事故","长临路共康路东约5米","2015-3-21 13:41:00"
"720",720,"伤人事故","九新公路进中心路南约20米","2015-4-19 21:56:00"
"721",721,"死亡事故","练西公路进老朱枫公路西约300米","2015-3-1 20:25:00"
"722",722,"死亡事故","华青北路天辰路南约10米","2015-3-12 20:17:00"
"723",723,"死亡事故","上南路外环高速东约5米","2015-3-27 14:35:00"
"724",724,"死亡事故","武宁路大渡河路东南约10米","2015-2-28 5:19:00"
"725",725,"伤人事故","海伦西路进四川北路西约100米","2015-4-17 22:01:00"
"726",726,"伤人事故","剑川路龙吴路西北约5米","2015-3-18 14:16:00"
"727",727,"死亡事故","外环隧道内侧1km约500米","2015-2-7 14:35:00"
"728",728,"伤人事故","虹梅南路出莘朱路南约30米","2015-3-14 20:52:00"
"729",729,"死亡事故","新松江路出辰塔路西约25米","2015-4-3 21:45:00"
"730",730,"死亡事故","思义路浏翔公路西南约5米","2015-2-14 16:20:00"
"731",731,"死亡事故","申港大道环湖西三路东约5米","2015-2-25 9:25:00"
"732",732,"伤人事故","泖亭路荣福路东南约10米","2015-1-23 12:32:00"
"733",733,"伤人事故","中兴路大统路东约3米","2015-2-16 19:00:00"
"734",734,"伤人事故","宝山路出西华路北约5米","2014-12-24 20:05:00"
"735",735,"伤人事故","罗北路钱陆路东约1米","2015-4-26 11:50:00"
"736",736,"财产损失事故","叶新公路张米公路西南约2米","2015-3-23 11:45:00"
"737",737,"死亡事故","浦明路出塘桥新路北约200米","2015-4-6 7:41:00"
"738",738,"伤人事故","三鲁公路江文路北约100米","2015-3-18 22:06:00"
"739",739,"伤人事故","南大路南陈路东约200米","2015-4-1 7:15:00"
"740",740,"伤人事故","光中路中春路南约1米","2015-3-20 5:45:00"
"741",741,"死亡事故","刘石路进大治路北约300米","2015-3-6 16:50:00"
"742",742,"伤人事故","刘五公路古楼公路北约15米","2015-3-30 12:32:00"
"743",743,"死亡事故","沪闵路金都路东约00米","2015-3-18 5:22:00"
"744",744,"财产损失事故","中环高架外侧ZW0076约0米","2015-4-28 22:50:00"
"745",745,"伤人事故","梅家浜路进谷阳北路东约200米","2015-3-16 18:34:00"
"746",746,"死亡事故","高科中路芳春路南约1米","2015-2-3 10:06:00"
"747",747,"伤人事故","松卫北路塔闵公路西北约5米","2015-3-12 19:20:00"
"748",748,"死亡事故","金闸公路南侧1km前约100米","2014-12-8 16:30:00"
"749",749,"伤人事故","南奉公路进上海绕城高速内侧奉城上匝道东约100米","2014-12-20 23:23:00"
"750",750,"死亡事故","洲海路华东路东约1米","2015-2-12 9:20:00"
"751",751,"死亡事故","塔城路梅园路西约150米","2015-4-6 18:45:00"
"752",752,"死亡事故","环城西路进西闸公路西约500米","2014-12-30 3:45:00"
"753",753,"死亡事故","乔松路出绿海路东约100米","2014-12-25 11:57:00"
"754",754,"死亡事故","川桥路出金豫路西约100米","2015-1-14 4:40:00"
"755",755,"伤人事故","沪太路朗枫路北约500米","2015-4-16 13:30:00"
"756",756,"死亡事故","松蒸公路进彭丰路西约20米","2015-2-8 23:00:00"
"757",757,"死亡事故","施新路施湾三路东约1米","2015-4-22 1:19:00"
"758",758,"死亡事故","外青松公路崧泽大道北约5米","2015-2-2 19:20:00"
"759",759,"死亡事故","百安公路进宝钱公路南约500米","2015-4-2 10:16:00"
"760",760,"财产损失事故","上海绕城高速内侧208km约500米","2014-12-29 20:00:00"
"761",761,"死亡事故","杨高北路秋霞路东约1米","2015-1-3 13:41:00"
"762",762,"伤人事故","<U+FFFD>川公路进罗北路北约200米","2015-2-5 9:20:00"
"763",763,"死亡事故","杨高北路草高支路东约1米","2015-3-11 19:12:00"
"764",764,"死亡事故","奉柘公路金海公路东约2米","2015-4-15 6:33:00"
"765",765,"财产损失事故","牡丹江路出海江三路北约20米","2015-2-10 20:30:00"
"766",766,"死亡事故","张杨北路衡安路东约1米","2015-4-29 15:00:00"
"767",767,"死亡事故","岚皋路岚皋西路北约0米","2015-3-9 1:36:00"
"768",768,"伤人事故","荣乐西路三新路东约2米","2015-3-5 13:35:00"
"769",769,"死亡事故","中山北路出共和新路西约150米","2015-4-13 10:10:00"
"770",770,"死亡事故","番禺路秀山路南约5米","2015-1-28 13:30:00"
"771",771,"死亡事故","杨高南路进浦建路南约100米","2015-4-4 14:15:00"
"772",772,"伤人事故","叶新公路出松金公路东约100米","2015-3-11 20:45:00"
"773",773,"伤人事故","真华路出华灵路南约60米","2015-2-26 7:45:00"
"774",774,"伤人事故","沪翔高速内侧21km约200米","2015-3-2 3:30:00"
"775",775,"财产损失事故","宝杨路进江杨北路(东)西约30米","2015-1-20 21:45:00"
"776",776,"死亡事故","浏翔公路丰翔路西约20米","2015-2-12 23:20:00"
"777",777,"死亡事故","南六公路进下盐公路北约100米","2015-3-1 15:20:00"
"778",778,"伤人事故","申嘉湖高速南侧39.4km约200米","2015-3-25 6:35:00"
"779",779,"死亡事故","澄浏中路横仓公路北约1米","2015-3-15 19:10:00"
"780",780,"死亡事故","虹梅南路出放鹤路北约30米","2015-3-24 17:16:00"
"781",781,"死亡事故","天辰路进久远路西约10米","2015-3-4 21:15:00"
"782",782,"死亡事故","北沿公路出港沿公路西约1500米","2015-4-2 18:50:00"
"783",783,"伤人事故","宝杨路海江一路东约1米","2015-3-3 16:54:00"
"784",784,"死亡事故","民雷路出秦家港路南约20米","2015-4-19 14:21:00"
"785",785,"伤人事故","闵申路进茜浦路东约50米","2015-3-20 18:30:00"
"786",786,"死亡事故","中山南二路出兆丰路东约5米","2015-1-7 21:08:00"
"787",787,"死亡事故","周祝公路出周园路东约500米","2015-1-13 19:25:00"
"788",788,"死亡事故","真金路武威东路东约1米","2015-4-7 18:47:00"
"789",789,"死亡事故","其他路共富一村","2014-11-18 15:34:00"
"790",790,"死亡事故","施湾二路施新路东约1米","2014-12-30 19:15:00"
"791",791,"伤人事故","海宁路出乌镇路东约20米","2015-4-27 8:49:00"
"792",792,"死亡事故","陆家嘴东路进陆家嘴环路西约100米","2015-3-3 22:30:00"
"793",793,"财产损失事故","香闵路香车路南约10米","2015-4-15 13:00:00"
"794",794,"死亡事故","上海绕城高速北侧173km约10米","2015-3-11 11:05:00"
"795",795,"死亡事故","航南公路沪杭公路东约1米","2014-12-29 14:14:00"
"796",796,"死亡事故","北沿公路新海北路东约500米","2015-3-5 9:50:00"
"797",797,"死亡事故","沪太公路进曹新公路南约600米","2014-12-26 12:53:00"
"798",798,"伤人事故","宝南路进七莘路东约300米","2015-2-7 13:04:00"
"799",799,"伤人事故","斜土路出制造局路西约150米","2015-4-19 23:13:00"
"800",800,"伤人事故","人民北路进梅家浜路南约100米","2015-4-27 17:50:00"
"801",801,"死亡事故","松金公路进金张公路南约1米","2015-3-22 16:10:00"
"802",802,"死亡事故","桃浦路大渡河路东约50米","2015-1-17 13:21:00"
"803",803,"死亡事故","北周路进外钱公路(西)西约300米","2015-3-15 18:10:00"
"804",804,"死亡事故","汶水路真北路东约1米","2015-4-2 9:00:00"
"805",805,"伤人事故","纪念路逸仙路南约00米","2015-1-29 21:23:00"
"806",806,"死亡事故","奉柘公路进沿钱路西约500米","2015-1-22 20:20:00"
"807",807,"伤人事故","车阳路香泾路东南约5米","2014-12-24 11:13:00"
"808",808,"死亡事故","申嘉湖高速南侧34km约50米","2015-2-4 12:43:00"
"809",809,"死亡事故","陈行公路进上南路南约500米","2015-3-8 17:50:00"
"810",810,"死亡事故","刘场路出共康路北约300米","2015-4-26 10:45:00"
"811",811,"伤人事故","刘五公路进古楼公路北约100米","2015-4-18 20:57:00"
"812",812,"伤人事故","胜竹路进城北路西约200米","2015-4-3 19:30:00"
"813",813,"死亡事故","沈海高速西侧1317km约600米","2015-4-11 21:00:00"
"814",814,"伤人事故","吴中路古北路东北约0米","2015-3-22 18:45:00"
"815",815,"伤人事故","沪青平公路航新路东南约15米","2015-1-29 20:51:00"
"816",816,"死亡事故","友谊路进铁峰路西约50米","2015-4-7 20:15:00"
"817",817,"死亡事故","松卫北路进北松公路北约250米","2015-4-1 8:33:00"
"818",818,"死亡事故","大川公路进拱乐路北约200米","2015-2-15 4:45:00"
"819",819,"死亡事故","白石公路进程鹤路西约200米","2015-3-17 18:07:00"
"820",820,"死亡事故","蓝天路进红枫路西约200米","2015-4-4 21:35:00"
"821",821,"死亡事故","泰和路铁山路路口","泰和路铁山路路口"
"822",822,"死亡事故","逸仙路安达路南约1米","2015-1-20 18:46:00"
"823",823,"伤人事故","真陈路城银路路口","真陈路城银路路口"
"824",824,"死亡事故","巨鹿路富民路东约3米","2015-1-30 15:25:00"
"825",825,"死亡事故","外环高速西侧67km约10米","2015-2-16 20:51:00"
"826",826,"死亡事故","东川公路金海路东约1米","2015-3-31 16:10:00"
"827",827,"死亡事故","莘砖公路同乐路东约10米","2015-3-25 17:40:00"
"828",828,"死亡事故","盘古路铁力路路口","盘古路铁力路路口"
"829",829,"死亡事故","三三公路出滨果公路东约400米","2015-2-9 21:17:00"
"830",830,"伤人事故","浙江北路天潼路北约5米","2015-1-14 14:59:00"
"831",831,"伤人事故","<U+FFFD>川路进联谊路北约150米","2015-3-26 7:00:00"
"832",832,"伤人事故","崧泽大道嘉松中路东约5米","2015-3-22 14:10:00"
"833",833,"伤人事故","罗北路进<U+FFFD>川公路西约600米","2015-3-20 17:51:00"
"834",834,"伤人事故","龙茗路出平阳路南约80米","2015-4-2 17:05:00"
"835",835,"伤人事故","莘砖公路高技路西约15米","2015-4-13 20:54:00"
"836",836,"死亡事故","石太路进沪太路东约200米","2015-3-31 14:24:00"
"837",837,"伤人事故","四平路进吴淞路北约150米","2015-1-30 21:30:00"
"838",838,"死亡事故","张杨路德平路东约1米","2015-4-26 18:35:00"
"839",839,"伤人事故","华翔路进天山西路北约100米","2015-4-28 22:05:00"
"840",840,"死亡事故","奉柘公路星火公路东约1米","2015-3-25 7:25:00"
"841",841,"死亡事故","曹安公路出米泉路西约200米","2015-3-12 18:22:00"
"842",842,"伤人事故","沪太路月罗路东约1米","2015-3-13 20:14:00"
"843",843,"伤人事故","淞滨支路淞滨路北约200米","2015-4-3 8:10:00"
"844",844,"伤人事故","三泉路出保德路北约300米","2015-1-5 5:42:00"
"845",845,"死亡事故","叶新公路思源路西约20米","2015-3-29 8:32:00"
"846",846,"死亡事故","华东路进龙东大道南约5米","2015-1-24 21:59:00"
"847",847,"死亡事故","凌白公路庆利路东约1米","2015-2-6 18:58:00"
"848",848,"死亡事故","老朱枫公路顾林路东北约18米","2015-2-20 16:50:00"
"849",849,"伤人事故","虹梅路出宜山路南约55米","2015-3-16 14:05:00"
"850",850,"死亡事故","南芦公路东大公路南约1米","2015-1-5 5:46:00"
"851",851,"死亡事故","宣黄公路进川南奉公路西约100米","2015-4-9 7:46:00"
"852",852,"伤人事故","沪闵路新苗路北约5米","2015-3-24 20:16:00"
"853",853,"死亡事故","汲浜公路出永北路北约5米","2015-2-26 8:30:00"
"854",854,"死亡事故","南芦公路出东大公路北约800米","2015-2-15 4:20:00"
"855",855,"伤人事故","沈砖公路青天路南约5米","2015-3-10 19:10:00"
"856",856,"死亡事故","沿钱公路东侧2km约500米","2014-12-13 8:13:00"
"857",857,"死亡事故","莘松路进沪闵公路西约60米","2015-4-23 8:52:00"
"858",858,"死亡事故","沿钱公路金大公路北约100米","2015-4-18 2:50:00"
"859",859,"死亡事故","真陈路丰翔路东约1米","2015-2-13 7:38:00"
"860",860,"死亡事故","剑川路沪闵路南约1米","2015-3-9 8:08:00"
"861",861,"死亡事故","双阳路出控江路南约200米","2015-1-25 22:05:00"
"862",862,"死亡事故","新德西路进<U+008F>韵杪范<U+FFFD><U+FFFD>00米","2015-2-11 10:42:00"
"863",863,"死亡事故","打浦路隧道通耀路北约5米","2015-3-13 20:25:00"
"864",864,"死亡事故","高桥江东路港城路北约1米","2015-2-7 11:12:00"
"865",865,"死亡事故","大连路进长阳路南约50米","2015-2-2 6:00:00"
"866",866,"死亡事故","张杨北路五莲路东约1米","2015-3-10 10:17:00"
"867",867,"伤人事故","沪松公路卖新公路西约5米","2015-1-17 17:16:00"
"868",868,"伤人事故","颛兴东路都会路东约1米","2015-4-15 17:58:00"
"869",869,"死亡事故","崧泽大道出崧盈路东约600米","2015-4-2 6:08:00"
"870",870,"伤人事故","沧泾路出九泾路东约250米","2015-3-16 19:12:00"
"871",871,"死亡事故","莘砖公路出泗砖公路东约20米","2015-2-1 19:30:00"
"872",872,"死亡事故","浦星公路竹园路东约0米","2015-4-20 9:46:00"
"873",873,"伤人事故","平阳河路进同乐路东约300米","2015-3-5 17:21:00"
"874",874,"死亡事故","陈彷公路进六<U+009C><U+FFFD><U+FFFD>范<U+FFFD><U+FFFD>00米","2015-2-9 8:32:00"
"875",875,"伤人事故","泗凤公路进刘五公路东约200米","2015-3-20 7:44:00"
"876",876,"死亡事故","金海路出金穗路西约70米","2015-3-8 8:45:00"
"877",877,"伤人事故","陈行公路万芳路西约300米","2015-4-28 6:38:00"
"878",878,"死亡事故","牡丹江路宝杨路东约1米","2014-10-27 14:33:00"
"879",879,"死亡事故","上南路进凌兆路南约10米","2015-1-24 6:50:00"
"880",880,"伤人事故","同乐北路出长浜路北约150米","2015-3-30 0:15:00"
"881",881,"伤人事故","泗砖路长施公路东约5米","2015-4-15 8:59:00"
"882",882,"伤人事故","文井路进东川路北约500米","2015-4-27 8:02:00"
"883",883,"伤人事故","沪太公路金石路东约1米","2015-3-12 19:10:00"
"884",884,"伤人事故","虹梅路顾戴路(西)东南约10米","2015-3-26 5:01:00"
"885",885,"伤人事故","泖亭路华长路西约3米","2015-3-2 17:27:00"
"886",886,"死亡事故","祁连山路进锦秋路东约500米","2015-4-10 21:00:00"
"887",887,"伤人事故","四元路进宝泉路东约150米","2015-2-5 21:00:00"
"888",888,"死亡事故","金陵中路嵩山路西约0米","2015-1-11 17:23:00"
"889",889,"死亡事故","博园路钱家村路西约3米","2015-3-17 10:29:00"
"890",890,"死亡事故","友谊路出克山路西约200米","2015-4-4 10:30:00"
"891",891,"伤人事故","竹亭路进山房公路北约5米","2015-1-5 21:00:00"
"892",892,"死亡事故","莱阳路出衡安路北约100米","2015-3-21 21:37:00"
"893",893,"财产损失事故","同济路出宝杨路南约100米","2015-2-9 5:36:00"
"894",894,"死亡事故","张杨北路江东支路(北)南约20米","2015-1-14 7:08:00"
"895",895,"死亡事故","川南奉公路进航城路南约100米","2015-1-9 20:38:00"
"896",896,"伤人事故","鹤望路出金运路东约200米","2015-2-14 13:50:00"
"897",897,"死亡事故","潘圆公路出大兴路东约500米","2015-2-26 18:47:00"
"898",898,"伤人事故","天目中路大统路东约5米","2015-1-27 23:35:00"
"899",899,"死亡事故","泰和路铁山路南约3米","2014-12-14 20:17:00"
"900",900,"死亡事故","浦星公路东侧30km约50米","2015-2-27 7:30:00"
"901",901,"死亡事故","沪南公路六奉公路南约3米","2015-1-1 10:13:00"
"902",902,"伤人事故","昆阳路出剑川路北约100米","2015-4-23 16:52:00"
"903",903,"死亡事故","叶家公路进沪松公路东约500米","2015-3-27 20:32:00"
"904",904,"死亡事故","其他路航头镇海桥村","2015-2-18 19:00:00"
"905",905,"伤人事故","漕宝路虹漕南路东南约10米","2015-4-16 12:01:00"
"906",906,"死亡事故","沪杭公路进新北路北约200米","2015-3-12 18:50:00"
"907",907,"伤人事故","共和新路中山北路北约5米","2015-3-17 15:26:00"
"908",908,"死亡事故","共和新路出永和路南约100米","2015-4-12 2:14:00"
"909",909,"死亡事故","四平路出密云路北约200米","2014-12-19 5:30:00"
"910",910,"财产损失事故","荣乐东路进联阳路西约20米","2015-1-19 7:30:00"
"911",911,"死亡事故","向化公路进陈海公路南约200米","2015-2-5 15:00:00"
"912",912,"死亡事故","浦东大道进团林路西约25米","2015-2-28 9:57:00"
"913",913,"死亡事故","观工路进南海公路南约200米","2014-12-19 20:11:00"
"914",914,"死亡事故","军工路淞军路路口","军工路淞军路路口"
"915",915,"死亡事故","玉树路进闵塔公路北约200米","2015-1-28 23:40:00"
"916",916,"死亡事故","人民北路出南期昌路南约10米","2015-4-6 18:18:00"
"917",917,"死亡事故","叶新公路进范家公路西约1200米","2015-4-6 19:15:00"
"918",918,"死亡事故","锦商公路出商前路北约1000米","2015-1-10 7:42:00"
"919",919,"伤人事故","荣乐东路进方塔北路东约200米","2015-3-31 11:40:00"
"920",920,"死亡事故","复兴中路进茂名南路东约100米","2015-3-28 18:13:00"
"921",921,"伤人事故","人民北路出新松江路南约150米","2015-4-16 9:35:00"
"922",922,"死亡事故","新村路大华路南约0米","2015-1-26 16:20:00"
"923",923,"死亡事故","北沿公路出汲浜公路北约5米","2015-3-25 17:00:00"
"924",924,"伤人事故","宁虹路出申昆路西约150米","2015-3-18 8:23:00"
"925",925,"死亡事故","川南奉公路东侧48km约200米","2015-3-8 18:05:00"
"926",926,"死亡事故","五洲大道东侧五洲大道南侧杨高北路下匝道前约800米","2015-2-11 18:20:00"
"927",927,"死亡事故","其他路仓房村","其他路仓房村"
"928",928,"死亡事故","金廊公路进朱吕公路南约200米","2015-3-12 6:20:00"
"929",929,"死亡事故","朱枫公路进康业路北约10米","2015-3-28 11:55:00"
"930",930,"伤人事故","港建路越海路口","2015-3-27 11:11:00"
"931",931,"伤人事故","北青公路华翔路西南约15米","2015-3-31 7:07:00"
"932",932,"死亡事故","胜辛路洪德路东约2米","2015-1-12 10:59:00"
"933",933,"死亡事故","月罗公路富乐支路东约1米","2015-1-20 19:04:00"
"934",934,"伤人事故","明中路出新育路东约300米","2015-3-7 13:24:00"
"935",935,"死亡事故","外环高速东侧28.5km约10米","2015-1-30 4:55:00"
"936",936,"死亡事故","粤秀路出彭江路北约200米","2015-3-15 20:25:00"
"937",937,"伤人事故","周家嘴路新建路南约0米","2015-4-17 9:20:00"
"938",938,"死亡事故","大叶公路东侧31km约200米","2015-1-14 11:15:00"
"939",939,"伤人事故","中兴路进恒丰北路西约100米","2015-2-8 9:28:00"
"940",940,"死亡事故","莱阳路出沪东路南约15米","2015-3-20 16:20:00"
"941",941,"死亡事故","南亭公路进浦卫公路西约500米","2015-1-22 15:05:00"
"942",942,"伤人事故","锦秋路出祁连山路东约800米","2015-3-12 13:57:00"
"943",943,"死亡事故","靖远路临洮路南约5米","2015-3-12 6:42:00"
"944",944,"死亡事故","月罗公路进<U+FFFD>川公路西约30米","2015-2-5 15:30:00"
"945",945,"伤人事故","泗砖路进沪松公路南约40米","2015-3-29 10:17:00"
"946",946,"死亡事故","外环高速外侧77Km+400M处","2015-4-6 0:25:00"
"947",947,"死亡事故","金钱公路进平庄西路北约800米","2015-1-5 19:51:00"
"948",948,"伤人事故","明华路进明中路南约100米","2015-3-26 16:26:00"
"949",949,"伤人事故","水产路进铁力路西约50米","2015-3-20 10:55:00"
"950",950,"伤人事故","宝安公路沪太公路路口","宝安公路沪太公路路口"
"951",951,"死亡事故","亭枫公路进松卫南路东约1000米","2015-1-28 18:00:00"
"952",952,"死亡事故","交通路进志丹路西约130米","2015-1-29 5:50:00"
"953",953,"死亡事故","友谊路1869弄","2015-3-28 22:03:00"
"954",954,"伤人事故","北松公路汇北公路西北约5米","2015-4-10 10:13:00"
"955",955,"伤人事故","衡山路进乌鲁木齐南路西约150米","2015-2-4 0:40:00"
"956",956,"伤人事故","闸航路出召泰路西约20米","2015-3-18 0:40:00"
"957",957,"伤人事故","泗陈公路出沪松公路西约1000米","2015-3-11 19:28:00"
"958",958,"死亡事故","新车公路新加路南约5米","2015-4-27 19:11:00"
"959",959,"死亡事故","秀南路南中路东约5米","2014-12-31 15:50:00"
"960",960,"伤人事故","宝安公路联杨路东约300米","2015-1-13 19:28:00"
"961",961,"死亡事故","月罗公路段泾路路口","2015-1-14 7:04:00"
"962",962,"伤人事故","沪松公路江川路东南约12米","2015-3-28 11:10:00"
"963",963,"死亡事故","吴中路进新镇路西约100米","2015-4-28 8:10:00"
"964",964,"死亡事故","沈海高速西侧1299km约100米","2015-1-24 6:00:00"
"965",965,"死亡事故","日樱南路进德堡路南约300米","2015-2-4 14:30:00"
"966",966,"死亡事故","朱梅路进虹梅南路东约800米","2015-2-27 18:01:00"
"967",967,"伤人事故","振业路进张泾路西约80米","2015-3-14 14:38:00"
"968",968,"死亡事故","上海绕城高速东侧88km约500米","2015-4-7 9:00:00"
"969",969,"死亡事故","林荫新路出林绿路西约800米","2015-4-9 1:50:00"
"970",970,"死亡事故","松汇西路玉树路西北约10米","2015-1-30 10:21:00"
"971",971,"死亡事故","高陵路铜川路西南约0米","2015-4-1 18:58:00"
"972",972,"伤人事故","车亭公路进引水公路南约100米","2015-3-11 5:35:00"
"973",973,"死亡事故","前云路进徐南路南约800米","2015-4-20 1:00:00"
"974",974,"伤人事故","共和新路进汶水路南约5米","2015-4-15 6:13:00"
"975",975,"死亡事故","杨北路进杨宗支路东约150米","2015-4-22 8:45:00"
"976",976,"死亡事故","九新公路进明中路北约100米","2015-4-22 5:29:00"
"977",977,"死亡事故","月罗公路出锦乐路西约300米","2015-4-4 21:37:00"
"978",978,"死亡事故","靖远路临洮路南约1米","2015-4-28 14:44:00"
"979",979,"死亡事故","顾北路进潘泾路西约300米","2015-4-19 4:20:00"
"980",980,"死亡事故","其他路老港镇二灶港路日新13组","2015-4-27 12:30:00"
"981",981,"伤人事故","罗北路沪太公路东约1米","2015-4-5 9:15:00"
"982",982,"死亡事故","国伟路出闸殷路东约200米","2015-3-16 8:05:00"
"983",983,"死亡事故","富锦路江杨北路南约5米","2015-4-13 23:26:00"
"984",984,"财产损失事故","康健路习勤路东约5米","2015-4-30 11:02:00"
"985",985,"死亡事故","迎宾高速西侧迎宾高速北侧唐黄上匝道前约2米","2015-1-29 12:30:00"
"986",986,"死亡事故","金海路出川沙路西约50米","2015-4-27 23:11:00"
"987",987,"死亡事故","川展路南六公路东约1米","2015-4-30 15:43:00"
"988",988,"伤人事故","莲花南路金都路北约5米","2015-4-13 7:37:00"
"989",989,"伤人事故","大叶公路进济众路东约10米","2015-4-15 11:40:00"
"990",990,"死亡事故","西藏南路大林路东约0米","2015-4-24 22:07:00"
"991",991,"伤人事故","龙吴路出景联路(西)北约200米","2015-4-24 11:11:00"
"992",992,"死亡事故","成山路华鹏路西北约3米","2015-4-9 23:31:00"
"993",993,"死亡事故","金陵东路出广西南路西约30米","2015-3-30 9:50:00"
"994",994,"死亡事故","台儿庄路出长岛路南约200米","2015-2-2 19:50:00"
"995",995,"死亡事故","月罗公路进罗东路西约100米","2015-1-28 18:44:00"
"996",996,"死亡事故","华青路进新达路南约20米","2015-4-13 21:23:00"
"997",997,"伤人事故","市一东路进潘泾路西约250米","2015-4-13 19:15:00"
"998",998,"死亡事故","金山大道进杭州湾大道东约1米","2015-4-9 0:01:00"
"999",999,"伤人事故","富锦路潘泾路东约1米","2015-4-3 6:50:00"
"1000",1000,"伤人事故","沪太支路进守仁桥街西约300米","2015-4-28 10:09:00"
"1001",1001,"死亡事故","草港公路出永前二号路西约20米","2015-4-13 12:15:00"
"1002",1002,"伤人事故","塔闵公路出松卫北路西约300米","2015-4-8 18:55:00"
"1003",1003,"死亡事故","延长西路进宜川路东约60米","2015-4-19 19:05:00"
"1004",1004,"死亡事故","铁山路进铁通路南约300米","2015-4-21 16:35:00"
"1005",1005,"死亡事故","洲海路华东路西南约3米","2015-4-15 19:13:00"
"1006",1006,"伤人事故","复兴中路陕西南路西约0米","2015-4-25 17:58:00"
"1007",1007,"死亡事故","长阳路出舟山路东约5米","2015-4-25 7:20:00"
"1008",1008,"死亡事故","杨高北路港城路东约1米","2015-4-8 10:58:00"
"1009",1009,"伤人事故","泗砖路进长施公路南约150米","2015-4-11 23:57:00"
"1010",1010,"死亡事故","浦明路商城路东北约5米","2015-4-29 19:31:00"
"1011",1011,"死亡事故","高科西路出杨高南路北约200米","2015-3-13 21:24:00"
"1012",1012,"死亡事故","白石公路进新胜路西约600米","2015-4-6 15:32:00"
"1013",1013,"死亡事故","鲁班路出南塘浜路南约250米","2015-4-18 21:07:00"
